{"count":1,"self":152.3955456,"total":247.82157199999997,"children":{"InitializeActuators":{"count":12,"self":0.00092399999999999991,"total":0.00092399999999999991,"children":null},"InitializeSensors":{"count":12,"self":0.00098099999999999988,"total":0.00098099999999999988,"children":null},"AgentSendState":{"count":75038,"self":1.269313,"total":2.3297909999999997,"children":{"CollectObservations":{"count":90048,"self":0.111691,"total":0.111691,"children":null},"WriteActionMask":{"count":90048,"self":0.050512999999999995,"total":0.050512999999999995,"children":null},"RequestDecision":{"count":90048,"self":0.20257,"total":0.89827399999999991,"children":{"AgentInfo.ToProto":{"count":90048,"self":0.168651,"total":0.695704,"children":{"GenerateSensorData":{"count":90048,"self":0.44568599999999997,"total":0.527053,"children":{"RayPerceptionSensor.Perceive":{"count":90048,"self":0.081367,"total":0.081367,"children":null}}}}}}}}},"DecideAction":{"count":75038,"self":87.446585599999992,"total":87.446587999999991,"children":null},"AgentAct":{"count":75038,"self":5.6467839999999994,"total":5.6470839999999995,"children":{"AgentInfo.ToProto":{"count":42,"self":7.8E-05,"total":0.0003,"children":{"GenerateSensorData":{"count":42,"self":0.000186,"total":0.000222,"children":{"RayPerceptionSensor.Perceive":{"count":42,"self":3.6E-05,"total":3.6E-05,"children":null}}}}}}}},"gauges":{"CaptureTheFlag.CumulativeReward":{"count":42,"max":17.1097183,"min":1.441319,"runningAverage":7.17025566,"value":9.73574352,"weightedAverage":7.29661369}},"metadata":{"timer_format_version":"0.1.0","start_time_seconds":"1748366334","unity_version":"6000.0.27f1","command_line_arguments":"\/Applications\/Unity\/Hub\/Editor\/6000.0.27f1\/Unity.app\/Contents\/MacOS\/Unity -projectpath \/Users\/williamma\/Desktop\/Games\/Capture-the-Flag -useHub -hubIPC -cloudEnvironment production","communication_protocol_version":"1.5.0","com.unity.ml-agents_version":"3.0.0","scene_name":"Training","end_time_seconds":"1748366582"}}