{"count":1,"self":936.0946176,"total":3129.990266,"children":{"InitializeActuators":{"count":12,"self":0.00074699999999999994,"total":0.00074699999999999994,"children":null},"InitializeSensors":{"count":12,"self":0.00064799999999999992,"total":0.00064799999999999992,"children":null},"AgentSendState":{"count":1471201,"self":8.3908304,"total":78.694029,"children":{"CollectObservations":{"count":1765464,"self":48.3991232,"total":48.399124,"children":null},"WriteActionMask":{"count":1765464,"self":1.5374839999999999,"total":1.5374839999999999,"children":null},"RequestDecision":{"count":1765464,"self":5.611668,"total":20.366591,"children":{"AgentInfo.ToProto":{"count":1765464,"self":5.4259528,"total":14.754923,"children":{"GenerateSensorData":{"count":1765464,"self":9.3289695999999989,"total":9.32897,"children":null}}}}}}},"DecideAction":{"count":1471201,"self":2081.5253503999998,"total":2081.525433,"children":null},"AgentAct":{"count":1471201,"self":33.6666496,"total":33.67397,"children":{"AgentInfo.ToProto":{"count":858,"self":0.002793,"total":0.0073219999999999995,"children":{"GenerateSensorData":{"count":858,"self":0.004529,"total":0.004529,"children":null}}}}},"AgentInfo.ToProto":{"count":24,"self":0.000104,"total":0.000205,"children":{"GenerateSensorData":{"count":24,"self":0.000101,"total":0.000101,"children":null}}}},"gauges":{"CaptureTheFlag.CumulativeReward":{"count":882,"max":38.889267,"min":-917.027832,"runningAverage":-16.7618351,"value":0,"weightedAverage":2.63966131}},"metadata":{"timer_format_version":"0.1.0","start_time_seconds":"1748827317","unity_version":"6000.0.27f1","command_line_arguments":"\/Applications\/Unity\/Hub\/Editor\/6000.0.27f1\/Unity.app\/Contents\/MacOS\/Unity -projectpath \/Users\/williamma\/Desktop\/Games\/Capture-the-Flag -useHub -hubIPC -cloudEnvironment production","communication_protocol_version":"1.5.0","com.unity.ml-agents_version":"3.0.0","scene_name":"Training","end_time_seconds":"1748830447"}}