{"count":1,"self":1.5706981999999998,"total":1.6552422999999998,"children":{"InitializeActuators":{"count":12,"self":0.0015539999999999998,"total":0.0015539999999999998,"children":null},"InitializeSensors":{"count":12,"self":0.0032128,"total":0.0032128,"children":null},"AgentSendState":{"count":34,"self":0.0037928,"total":0.0182387,"children":{"CollectObservations":{"count":42,"self":0.00099629999999999988,"total":0.00099629999999999988,"children":null},"WriteActionMask":{"count":42,"self":0,"total":0,"children":null},"RequestDecision":{"count":42,"self":0.009363,"total":0.013449599999999999,"children":{"AgentInfo.ToProto":{"count":42,"self":0.001039,"total":0.0040866,"children":{"GenerateSensorData":{"count":42,"self":0.0020502,"total":0.0030475999999999997,"children":{"RayPerceptionSensor.Perceive":{"count":42,"self":0.00099739999999999985,"total":0.00099739999999999985,"children":null}}}}}}}}},"DecideAction":{"count":34,"self":0.041852799999999996,"total":0.041852799999999996,"children":null},"AgentAct":{"count":34,"self":0.018671999999999998,"total":0.018671999999999998,"children":null}},"gauges":{},"metadata":{"timer_format_version":"0.1.0","start_time_seconds":"1747242214","unity_version":"6000.0.27f1","command_line_arguments":"C:\\Program Files\\Unity\\Hub\\Editor\\6000.0.27f1\\Editor\\Unity.exe -projectpath C:\\Users\\yubin\\OneDrive\\Desktop\\AI for Game Programming Class\\Capture-the-Flag -useHub -hubIPC -cloudEnvironment production","communication_protocol_version":"1.5.0","com.unity.ml-agents_version":"3.0.0","scene_name":"Training","end_time_seconds":"1747242215"}}